zupanija,nastalo_t_2024,odlaganje_t_2024,regija_id
Grad Zagreb,425000,210000,zagreb
Zagrebačka,185000,95000,zagreb
Krapinsko-zagorska,72000,38000,zagreb
Varaždinska,88000,46000,zagreb
Međimurska,65000,34000,zagreb
Bjelovarsko-bilogorska,62000,35000,istok
Virovitičko-podravska,48000,28000,istok
Požeško-slavonska,55000,32000,istok
Brodsko-posavska,78000,42000,istok
Osječko-baranjska,145000,78000,istok
Vukovarsko-srijemska,72000,40000,istok
Karlovačka,95000,52000,jug
Sisačko-moslavačka,88000,48000,jug
Ličko-senjska,42000,24000,jug
Primorsko-goranska,112000,58000,jug
Istarska,98000,42000,jug
Zadarska,72000,36000,jadran
Šibensko-kninska,68000,34000,jadran
Splitsko-dalmatinska,198000,98000,split
Dubrovačko-neretvanska,62000,30000,jadran
